name_clean,SCIENTIFIC.NAME,specID
Brown_Thrasher,Toxostoma rufum,OTT:293380
American_Coot,Fulica americana,OTT:570965
Common_Loon,Gavia immer,OTT:1057518
American_Robin,Turdus migratorius,OTT:96291
Great_Egret,Ardea alba,OTT:625779
Carolina_Chickadee,Poecile carolinensis,OTT:17255
Mourning_Dove,Zenaida macroura,OTT:183576
House_Finch,Haemorhous mexicanus,OTT:711865
Northern_Cardinal,Cardinalis cardinalis,OTT:307364
Blue_Jay,Cyanocitta cristata,OTT:30736
Tufted_Titmouse,Baeolophus bicolor,OTT:922720
Dark-eyed_Junco,Junco hyemalis,OTT:989502
Indigo_Bunting,Passerina cyanea,OTT:939942
Red-winged_Blackbird,Agelaius phoeniceus,OTT:226605
Yellow-bellied_Sapsucker,Sphyrapicus varius,OTT:744570
Fish_Crow,Corvus ossifragus,OTT:406128
Least_Sandpiper,Calidris minutilla,OTT:654822
Eastern_Phoebe,Sayornis phoebe,OTT:1065604
Chestnut-sided_Warbler,Setophaga pensylvanica,OTT:532755
Northern_Mockingbird,Mimus polyglottos,OTT:571310
Sandhill_Crane,Antigone canadensis,OTT:257929
European_Starling,Sturnus vulgaris,OTT:565813
Double-crested_Cormorant,Phalacrocorax auritus,OTT:170200
Pileated_Woodpecker,Dryocopus pileatus,OTT:733984
American_Crow,Corvus brachyrhynchos,OTT:331952
Eastern_Towhee,Pipilo erythrophthalmus,OTT:453762
Mallard,Anas platyrhynchos,OTT:765167
Red-eyed_Vireo,Vireo olivaceus,OTT:604019
Greater_White-fronted_Goose,Anser albifrons,OTT:430239
White-eyed_Vireo,Vireo griseus,OTT:621714
Whimbrel,Numenius phaeopus,OTT:1080871
Chimney_Swift,Chaetura pelagica,OTT:609785
Purple_Martin,Progne subis,OTT:621799
Redhead,Aythya americana,OTT:693332
Great_Blue_Heron,Ardea herodias,OTT:744564
Royal_Tern,Thalasseus maximus,OTT:1073497
Pine_Warbler,Setophaga pinus,OTT:352791
Killdeer,Charadrius vociferus,OTT:661811
Hooded_Merganser,Lophodytes cucullatus,OTT:809009
Downy_Woodpecker,Dryobates pubescens,OTT:873958
Orchard_Oriole,Icterus spurius,OTT:788030
Acadian_Flycatcher,Empidonax virescens,OTT:675007
Summer_Tanager,Piranga rubra,OTT:1075670
Eastern_Kingbird,Tyrannus tyrannus,OTT:463183
Lesser_Scaup,Aythya affinis,OTT:1044556
Hairy_Woodpecker,Dryobates villosus,OTT:733988
Carolina_Wren,Thryothorus ludovicianus,OTT:1036137
Sharp-shinned_Hawk,Accipiter striatus,OTT:1015194
Yellow-rumped_Warbler,Setophaga coronata,OTT:451168
Ruby-throated_Hummingbird,Archilochus colubris,OTT:759410
Yellow-throated_Warbler,Setophaga dominica,OTT:618690
Chipping_Sparrow,Spizella passerina,OTT:989504
Kentucky_Warbler,Geothlypis formosa,OTT:384466
Eastern_Bluebird,Sialia sialis,OTT:775715
Canada_Goose,Branta canadensis,OTT:714461
Wood_Duck,Aix sponsa,OTT:765195
Black_Vulture,Coragyps atratus,OTT:316995
Northern_Flicker,Colaptes auratus,OTT:733990
Red-bellied_Woodpecker,Melanerpes carolinus,OTT:119082
Philadelphia_Vireo,Vireo philadelphicus,OTT:621708
Scarlet_Tanager,Piranga olivacea,OTT:69808
Willet,Tringa semipalmata,OTT:446288
Northern_Parula,Setophaga americana,OTT:956241
Bufflehead,Bucephala albeola,OTT:654820
Tricolored_Heron,Egretta tricolor,OTT:881921
Ruby-crowned_Kinglet,Regulus calendula,OTT:3599890
Bonapartes_Gull,Chroicocephalus philadelphia,OTT:1026258
Virginia_Rail,Rallus limicola,OTT:502780
Coopers_Hawk,Accipiter cooperii,OTT:764598
Blue-gray_Gnatcatcher,Polioptila caerulea,OTT:443266
House_Sparrow,Passer domesticus,OTT:745175
Pine_Siskin,Spinus pinus,OTT:559264
Belted_Kingfisher,Megaceryle alcyon,OTT:839181
Herring_Gull,Larus argentatus,OTT:791957
Bald_Eagle,Haliaeetus leucocephalus,OTT:1012350
American_Kestrel,Falco sparverius,OTT:964519
Swamp_Sparrow,Melospiza georgiana,OTT:265545
Song_Sparrow,Melospiza melodia,OTT:265548
Gray_Catbird,Dumetella carolinensis,OTT:658838
Least_Flycatcher,Empidonax minimus,OTT:604018
Northern_Bobwhite,Colinus virginianus,OTT:204709
Snowy_Egret,Egretta thula,OTT:126087
Black-and-white_Warbler,Mniotilta varia,OTT:757859
Red-tailed_Hawk,Buteo jamaicensis,OTT:509839
Hooded_Warbler,Setophaga citrina,OTT:3597211
Greater_Scaup,Aythya marila,OTT:1044561
Turkey_Vulture,Cathartes aura,OTT:9106
Ring-billed_Gull,Larus delawarensis,OTT:119599
Marbled_Godwit,Limosa fedoa,OTT:413323
Palm_Warbler,Setophaga palmarum,OTT:505064
White-throated_Sparrow,Zonotrichia albicollis,OTT:265547
Eastern_Meadowlark,Sturnella magna,OTT:489144
Reddish_Egret,Egretta rufescens,OTT:744560
Cliff_Swallow,Petrochelidon pyrrhonota,OTT:302798
Cattle_Egret,Bubulcus ibis,OTT:729476
Northern_Rough-winged_Swallow,Stelgidopteryx serripennis,OTT:814755
Blue-headed_Vireo,Vireo solitarius,OTT:48934
American_Goldfinch,Spinus tristis,OTT:559260
Great_Crested_Flycatcher,Myiarchus crinitus,OTT:835027
American_Redstart,Setophaga ruticilla,OTT:285200
Laughing_Gull,Leucophaeus atricilla,OTT:436747
Yellow-throated_Vireo,Vireo flavifrons,OTT:289080
Savannah_Sparrow,Passerculus sandwichensis,OTT:453758
Common_Yellowthroat,Geothlypis trichas,OTT:998127
Cedar_Waxwing,Bombycilla cedrorum,OTT:606625
Pied-billed_Grebe,Podilymbus podiceps,OTT:962399
Ruddy_Duck,Oxyura jamaicensis,OTT:88378
Barn_Swallow,Hirundo rustica,OTT:1040135
Magnolia_Warbler,Setophaga magnolia,OTT:532751
Broad-winged_Hawk,Buteo platypterus,OTT:36398
Brown-headed_Cowbird,Molothrus ater,OTT:213450
White-breasted_Nuthatch,Sitta carolinensis,OTT:82247
Blue_Grosbeak,Passerina caerulea,OTT:486840
Gray-cheeked_Thrush,Catharus minimus,OTT:920831
House_Wren,Troglodytes aedon,OTT:293378
Prothonotary_Warbler,Protonotaria citrea,OTT:285212
Brown-headed_Nuthatch,Sitta pusilla,OTT:377450
Common_Grackle,Quiscalus quiscula,OTT:283668
Least_Tern,Sternula antillarum,OTT:499945
Bay-breasted_Warbler,Setophaga castanea,OTT:85255
Red-headed_Woodpecker,Melanerpes erythrocephalus,OTT:800693
Field_Sparrow,Spizella pusilla,OTT:989508
Sandwich_Tern,Thalasseus sandvicensis,OTT:154128
Gadwall,Mareca strepera,OTT:30856
Wood_Thrush,Hylocichla mustelina,OTT:712913
Canvasback,Aythya valisineria,OTT:832938
Green_Heron,Butorides virescens,OTT:154822
Rose-breasted_Grosbeak,Pheucticus ludovicianus,OTT:370813
Lesser_Yellowlegs,Tringa flavipes,OTT:55408
Red-shouldered_Hawk,Buteo lineatus,OTT:781301
Yellow-breasted_Chat,Icteria virens,OTT:998133
Tennessee_Warbler,Leiothlypis peregrina,OTT:430151
Caspian_Tern,Hydroprogne caspia,OTT:651058
Black_Skimmer,Rynchops niger,OTT:738512
Anhinga,Anhinga anhinga,OTT:170196
Eastern_Wood-Pewee,Contopus virens,OTT:1095258
Common_Nighthawk,Chordeiles minor,OTT:870594
Ring-necked_Duck,Aythya collaris,OTT:1044563
Brewers_Blackbird,Euphagus cyanocephalus,OTT:264500
Black-crowned_Night-Heron,Nycticorax nycticorax,OTT:313126
Eurasian_Collared-Dove,Streptopelia decaocto,OTT:277818
Short-billed_Dowitcher,Limnodromus griseus,OTT:234683
Great_Horned_Owl,Bubo virginianus,OTT:509853
Northern_Harrier,Circus hudsonius,OTT:3596190
Snowy_Plover,Charadrius nivosus,OTT:331463
Black-throated_Green_Warbler,Setophaga virens,OTT:1014098
Sanderling,Calidris alba,OTT:654824
Red-breasted_Merganser,Mergus serrator,OTT:662625
Greater_Yellowlegs,Tringa melanoleuca,OTT:304017
Brown_Pelican,Pelecanus occidentalis,OTT:329999
Tree_Swallow,Tachycineta bicolor,OTT:136028
American_Pipit,Anthus rubescens,OTT:80714
Common_Gallinule,Gallinula galeata,OTT:181047
Pectoral_Sandpiper,Calidris melanotos,OTT:57825
Baltimore_Oriole,Icterus galbula,OTT:1077595
Dickcissel,Spiza americana,OTT:364334
Black-bellied_Plover,Pluvialis squatarola,OTT:917054
Black-necked_Stilt,Himantopus mexicanus,OTT:427701
Loggerhead_Shrike,Lanius ludovicianus,OTT:551815
Green-winged_Teal,Anas crecca,OTT:656799
Mississippi_Kite,Ictinia mississippiensis,OTT:425440
Worm-eating_Warbler,Helmitheros vermivorum,OTT:860003
Solitary_Sandpiper,Tringa solitaria,OTT:809000
American_White_Pelican,Pelecanus erythrorhynchos,OTT:316989
Wilsons_Snipe,Gallinago delicata,OTT:234669
Boat-tailed_Grackle,Quiscalus major,OTT:283673
Blue-winged_Teal,Spatula discors,OTT:82415
Winter_Wren,Troglodytes hiemalis,OTT:384301
Lark_Sparrow,Chondestes grammacus,OTT:890355
Red-breasted_Nuthatch,Sitta canadensis,OTT:603923
Mottled_Duck,Anas fulvigula,OTT:82422
Rock_Pigeon,Columba livia,OTT:938416
Dunlin,Calidris alpina,OTT:887705
Little_Blue_Heron,Egretta caerulea,OTT:892214
Osprey,Pandion haliaetus,OTT:509837
Northern_Waterthrush,Parkesia noveboracensis,OTT:285210
Common_Goldeneye,Bucephala clangula,OTT:166683
Yellow-billed_Cuckoo,Coccyzus americanus,OTT:891425
Forsters_Tern,Sterna forsteri,OTT:341030
Spotted_Sandpiper,Actitis macularius,OTT:810558
Cackling_Goose,Branta hutchinsii,OTT:972531
Lesser_Black-backed_Gull,Larus fuscus,OTT:887701
Pacific_Loon,Gavia pacifica,OTT:651474
Rufous_Hummingbird,Selasphorus rufus,OTT:532129
Ovenbird,Seiurus aurocapilla,OTT:285207
Prairie_Warbler,Setophaga discolor,OTT:532752
Eastern_Screech-Owl,Megascops asio,OTT:570960
Northern_Gannet,Morus bassanus,OTT:675103
Barred_Owl,Strix varia,OTT:509065
American_Wigeon,Mareca americana,OTT:656788
Purple_Finch,Haemorhous purpureus,OTT:641497
Bobolink,Dolichonyx oryzivorus,OTT:858292
Ruddy_Turnstone,Arenaria interpres,OTT:821753
Hermit_Thrush,Catharus guttatus,OTT:96280
Peregrine_Falcon,Falco peregrinus,OTT:786435
Western_Sandpiper,Calidris mauri,OTT:234671
Swallow-tailed_Kite,Elanoides forficatus,OTT:1053065
Swainsons_Thrush,Catharus ustulatus,OTT:489372
Stilt_Sandpiper,Calidris himantopus,OTT:633931
Yellow-crowned_Night-Heron,Nyctanassa violacea,OTT:244700
Horned_Grebe,Podiceps auritus,OTT:726164
Yellow-bellied_Flycatcher,Empidonax flaviventris,OTT:1095264
Brown_Creeper,Certhia americana,OTT:697024
Red_Crossbill,Loxia curvirostra,OTT:298778
Whooping_Crane,Grus americana,OTT:414356
Cerulean_Warbler,Setophaga cerulea,OTT:545135
Semipalmated_Plover,Charadrius semipalmatus,OTT:661809
Northern_Shoveler,Spatula clypeata,OTT:656794
Louisiana_Waterthrush,Parkesia motacilla,OTT:660355
Golden-winged_Warbler,Vermivora chrysoptera,OTT:85249
American_Woodcock,Scolopax minor,OTT:244702
Gray_Kingbird,Tyrannus dominicensis,OTT:381848
American_Black_Duck,Anas rubripes,OTT:604178
Blackpoll_Warbler,Setophaga striata,OTT:60236
Golden-crowned_Kinglet,Regulus satrapa,OTT:3599325
Black-bellied_Whistling-Duck,Dendrocygna autumnalis,OTT:662608
Lapland_Longspur,Calcarius lapponicus,OTT:420995
Semipalmated_Sandpiper,Calidris pusilla,OTT:1092981
White-winged_Dove,Zenaida asiatica,OTT:715580
Black-headed_Grosbeak,Pheucticus melanocephalus,OTT:425436
Northern_Pintail,Anas acuta,OTT:855474
American_Oystercatcher,Haematopus palliatus,OTT:1092987
Barn_Owl,Tyto alba,OTT:1065606
Blue-winged_Warbler,Vermivora cyanoptera,OTT:3597221
Chuck-wills-widow,Antrostomus carolinensis,OTT:416426
Piping_Plover,Charadrius melodus,OTT:234677
Orange-crowned_Warbler,Leiothlypis celata,OTT:88835
Nelsons_Sparrow,Ammospiza nelsoni,OTT:934469
Marsh_Wren,Cistothorus palustris,OTT:932504
Gull-billed_Tern,Gelochelidon nilotica,OTT:1021956
White_Ibis,Eudocimus albus,OTT:425447
Snow_Goose,Anser caerulescens,OTT:190878
Painted_Bunting,Passerina ciris,OTT:887250
American_Golden-Plover,Pluvialis dominica,OTT:57823
Says_Phoebe,Sayornis saya,OTT:568707
Yellow_Warbler,Setophaga petechia,OTT:612066
Cape_May_Warbler,Setophaga tigrina,OTT:532753
Least_Bittern,Ixobrychus exilis,OTT:213188
Veery,Catharus fuscescens,OTT:545761
Blackburnian_Warbler,Setophaga fusca,OTT:292920
Yellow_Rail,Coturnicops noveboracensis,OTT:242758
Scaly-breasted_Munia,Lonchura punctulata,OTT:865474
Roseate_Spoonbill,Platalea ajaja,OTT:951123
Sedge_Wren,Cistothorus platensis,OTT:932500
Vermilion_Flycatcher,Pyrocephalus rubinus,OTT:375103
Common_Ground_Dove,Columbina passerina,OTT:157208
Rusty_Blackbird,Euphagus carolinus,OTT:839098
Clapper_Rail,Rallus crepitans,OTT:5857231
Merlin,Falco columbarius,OTT:786443
Grasshopper_Sparrow,Ammodramus savannarum,OTT:420998
Black-throated_Blue_Warbler,Setophaga caerulescens,OTT:85240
Wood_Stork,Mycteria americana,OTT:464695
Canada_Warbler,Cardellina canadensis,OTT:909769
Bank_Swallow,Riparia riparia,OTT:922718
Scissor-tailed_Flycatcher,Tyrannus forficatus,OTT:618377
Bullocks_Oriole,Icterus bullockii,OTT:332166
Willow_Flycatcher,Empidonax traillii,OTT:67288
Magnificent_Frigatebird,Fregata magnificens,OTT:330000
Wild_Turkey,Meleagris gallopavo,OTT:446482
White-crowned_Sparrow,Zonotrichia leucophrys,OTT:265553
Little_Gull,Hydrocoloeus minutus,OTT:80679
Glossy_Ibis,Plegadis falcinellus,OTT:848593
Eurasian_Wigeon,Mareca penelope,OTT:765180
Red-cockaded_Woodpecker,Dryobates borealis,OTT:701708
Sora,Porzana carolina,OTT:885182
Swainsons_Warbler,Limnothlypis swainsonii,OTT:1024615
Seaside_Sparrow,Ammospiza maritima,OTT:1002241
Bachmans_Sparrow,Peucaea aestivalis,OTT:292633
White-rumped_Sandpiper,Calidris fuscicollis,OTT:234673
Lincolns_Sparrow,Melospiza lincolnii,OTT:265550
Fox_Sparrow,Passerella iliaca,OTT:789028
Long-billed_Dowitcher,Limnodromus scolopaceus,OTT:530284
Vesper_Sparrow,Pooecetes gramineus,OTT:765407
Warbling_Vireo,Vireo gilvus,OTT:621717
Buff-breasted_Sandpiper,Calidris subruficollis,OTT:808996
Franklins_Gull,Leucophaeus pipixcan,OTT:965054
Inca_Dove,Columbina inca,OTT:846250
Wilsons_Warbler,Cardellina pusilla,OTT:119878
Common_Tern,Sterna hirundo,OTT:1057459
Purple_Gallinule,Porphyrio martinica,OTT:381387
Black_Tern,Chlidonias niger,OTT:234666
Horned_Lark,Eremophila alpestris,OTT:998122
Western_Tanager,Piranga ludoviciana,OTT:565244
Western_Kingbird,Tyrannus verticalis,OTT:618385
Clay-colored_Sparrow,Spizella pallida,OTT:989506
Upland_Sandpiper,Bartramia longicauda,OTT:654835
Nashville_Warbler,Leiothlypis ruficapilla,OTT:392341
Wilsons_Plover,Charadrius wilsonia,OTT:234675
Red-throated_Loon,Gavia stellata,OTT:1057044
Black_Scoter,Melanitta americana,OTT:5560148
Rosss_Goose,Anser rossii,OTT:767830
Calliope_Hummingbird,Selasphorus calliope,OTT:203380
King_Rail,Rallus elegans,OTT:809015
Wilsons_Phalarope,Phalaropus tricolor,OTT:214789
Bairds_Sandpiper,Calidris bairdii,OTT:654826
American_Avocet,Recurvirostra americana,OTT:427710
Golden_Eagle,Aquila chrysaetos,OTT:263127
American_Bittern,Botaurus lentiginosus,OTT:729491
Red_Phalarope,Phalaropus fulicarius,OTT:809003
Egyptian_Goose,Alopochen aegyptiaca,OTT:693339
Eastern_Whip-poor-will,Antrostomus vociferus,OTT:1039515
Yellow-headed_Blackbird,Xanthocephalus xanthocephalus,OTT:364331
Black-billed_Cuckoo,Coccyzus erythropthalmus,OTT:891417
Great_Black-backed_Gull,Larus marinus,OTT:887691
Tundra_Swan,Cygnus columbianus,OTT:207360
Ruff,Calidris pugnax,OTT:1090732
Red_Knot,Calidris canutus,OTT:214779
Eared_Grebe,Podiceps nigricollis,OTT:651477
Buff-bellied_Hummingbird,Amazilia yucatanensis,OTT:664787
Surf_Scoter,Melanitta perspicillata,OTT:972536
Cave_Swallow,Petrochelidon fulva,OTT:152808
Mourning_Warbler,Geothlypis philadelphia,OTT:900160
Red-necked_Grebe,Podiceps grisegena,OTT:740071
Iceland_Gull,Larus glaucoides,OTT:1061403
Black-chinned_Hummingbird,Archilochus alexandri,OTT:1002235
Olive-sided_Flycatcher,Contopus cooperi,OTT:1095262
Black-whiskered_Vireo,Vireo altiloquus,OTT:48944
Connecticut_Warbler,Oporornis agilis,OTT:659603
LeContes_Sparrow,Ammospiza leconteii,OTT:7068415
Bells_Vireo,Vireo bellii,OTT:48940
Henslows_Sparrow,Centronyx henslowii,OTT:292636
Masked_Booby,Sula dactylatra,OTT:170197
Fork-tailed_Flycatcher,Tyrannus savana,OTT:36409
Western_Meadowlark,Sturnella neglecta,OTT:283666
Brown_Booby,Sula leucogaster,OTT:1030310
Cinnamon_Teal,Spatula cyanoptera,OTT:82411
Allens_Hummingbird,Selasphorus sasin,OTT:951132
Harriss_Hawk,Parabuteo unicinctus,OTT:1034652
Neotropic_Cormorant,Phalacrocorax brasilianus,OTT:109023
Shiny_Cowbird,Molothrus bonariensis,OTT:213451
Limpkin,Aramus guarauna,OTT:1095362
Harriss_Sparrow,Zonotrichia querula,OTT:265552
Band-rumped_Storm-Petrel,Oceanodroma castro,OTT:496011
Mute_Swan,Cygnus olor,OTT:140314
Ash-throated_Flycatcher,Myiarchus cinerascens,OTT:501679
Glaucous_Gull,Larus hyperboreus,OTT:515357
Sooty_Tern,Onychoprion fuscatus,OTT:651055
Bronzed_Cowbird,Molothrus aeneus,OTT:213448
Broad-tailed_Hummingbird,Selasphorus platycercus,OTT:164175
White-faced_Ibis,Plegadis chihi,OTT:242774
White-winged_Scoter,Melanitta deglandi,OTT:5560147
Short-eared_Owl,Asio flammeus,OTT:509846
American_Flamingo,Phoenicopterus ruber,OTT:443650
Black-legged_Kittiwake,Rissa tridactyla,OTT:585161
Common_Merganser,Mergus merganser,OTT:88388
Brown_Noddy,Anous stolidus,OTT:915882
Red-necked_Phalarope,Phalaropus lobatus,OTT:57821
Burrowing_Owl,Athene cunicularia,OTT:944695
Long-tailed_Duck,Clangula hyemalis,OTT:316879
Swainsons_Hawk,Buteo swainsoni,OTT:1026126
Northern_Saw-whet_Owl,Aegolius acadicus,OTT:509850
Varied_Thrush,Ixoreus naevius,OTT:775708
American_Tree_Sparrow,Spizelloides arborea,OTT:463026
Bridled_Tern,Onychoprion anaethetus,OTT:7639
Alder_Flycatcher,Empidonax alnorum,OTT:203084
Tricolored_Munia,Lonchura malacca,OTT:474148
Wilsons_Storm-Petrel,Oceanites oceanicus,OTT:656591
Parasitic_Jaeger,Stercorarius parasiticus,OTT:742640
Barnacle_Goose,Branta leucopsis,OTT:799124
Bewicks_Wren,Thryomanes bewickii,OTT:932497
Great_Shearwater,Ardenna gravis,OTT:726165
Smiths_Longspur,Calcarius pictus,OTT:1002233
Great-tailed_Grackle,Quiscalus mexicanus,OTT:743411
White-headed_Buffalo-Weaver,Dinemellia dinemelli,OTT:653288
Fulvous_Whistling-Duck,Dendrocygna bicolor,OTT:662618
Mangrove_Cuckoo,Coccyzus minor,OTT:229931
Trumpeter_Swan,Cygnus buccinator,OTT:870606
Helmeted_Guineafowl,Numida meleagris,OTT:684046
Cockatiel,Nymphicus hollandicus,OTT:630645
Lazuli_Bunting,Passerina amoena,OTT:119888
Pomarine_Jaeger,Stercorarius pomarinus,OTT:219032
Black_Swan,Cygnus atratus,OTT:140312
Rosss_Turaco,Musophaga rossae,OTT:772741
White-cheeked_Pintail,Anas bahamensis,OTT:656778
Ring-necked_Pheasant,Phasianus colchicus,OTT:102719
Kelp_Gull,Larus dominicanus,OTT:418481
Ringed_Teal,Callonetta leucophrys,OTT:552044
Rose-ringed_Parakeet,Psittacula krameri,OTT:1020124
Cordilleran_Flycatcher,Empidonax occidentalis,OTT:675003
Corys_Shearwater,Calonectris diomedea,OTT:172646
Hudsonian_Godwit,Limosa haemastica,OTT:413324
Common_Raven,Corvus corax,OTT:140425
Violet-backed_Starling,Cinnyricinclus leucogaster,OTT:891274
Budgerigar,Melopsittacus undulatus,OTT:734818
Sabines_Gull,Xema sabini,OTT:558955
Long-tailed_Jaeger,Stercorarius longicaudus,OTT:742641
Plumbeous_Vireo,Vireo plumbeus,OTT:696279
Chukar,Alectoris chukar,OTT:51358
Brown-crested_Flycatcher,Myiarchus tyrannulus,OTT:129415
Snowy-crowned_Robin-Chat,Cossypha niveicapilla,OTT:288661
Sulphur-crested_Cockatoo,Cacatua galerita,OTT:290349
Spragues_Pipit,Anthus spragueii,OTT:664788
Saddle-billed_Stork,Ephippiorhynchus senegalensis,OTT:848594
Spotted_Thick-knee,Burhinus capensis,OTT:427706
Great_Cormorant,Phalacrocorax carbo,OTT:969841
Common_Ostrich,Struthio camelus,OTT:647692
Common_Snipe,Gallinago gallinago,OTT:615378
Groove-billed_Ani,Crotophaga sulcirostris,OTT:1041415
Muscovy_Duck,Cairina moschata,OTT:714469
Crested_Duck,Lophonetta specularioides,OTT:552046
Mandarin_Duck,Aix galericulata,OTT:765197
Scarlet_Macaw,Ara macao,OTT:851014
Graylag_Goose,Anser anser,OTT:190887
Blue-bellied_Roller,Coracias cyanogaster,OTT:3596438
Swan_Goose,Anser cygnoides,OTT:190892
Sharp-tailed_Sandpiper,Calidris acuminata,OTT:768489
Black-throated_Gray_Warbler,Setophaga nigrescens,OTT:935126
Prairie_Falcon,Falco mexicanus,OTT:183625
Annas_Hummingbird,Calypte anna,OTT:810756
Long-billed_Curlew,Numenius americanus,OTT:808998
Long-eared_Owl,Asio otus,OTT:1060752
Rough-legged_Hawk,Buteo lagopus,OTT:188484
Bachmans_Warbler,Vermivora bachmanii,OTT:237566
White-tailed_Kite,Elanus leucurus,OTT:153874
Evening_Grosbeak,Coccothraustes vespertinus,OTT:518149
Hammonds_Flycatcher,Empidonax hammondii,OTT:146936
Common_Redpoll,Acanthis flammea,OTT:38566
Sooty_Shearwater,Ardenna grisea,OTT:726166
Audubons_Shearwater,Puffinus lherminieri,OTT:982880
Carolina_Parakeet,Conuropsis carolinensis,OTT:461606
Curlew_Sandpiper,Calidris ferruginea,OTT:236666
Brant,Branta bernicla,OTT:135287
Leachs_Storm-Petrel,Oceanodroma leucorhoa,OTT:944658
Western_Grebe,Aechmophorus occidentalis,OTT:758343
Rivolis_Hummingbird,Eugenes fulgens,OTT:799185
Ruffed_Grouse,Bonasa umbellus,OTT:728082
Ivory-billed_Woodpecker,Campephilus principalis,OTT:78185
California_Gull,Larus californicus,OTT:119602
Sulphur-bellied_Flycatcher,Myiodynastes luteiventris,OTT:951121
Purple_Sandpiper,Calidris maritima,OTT:855479
Sage_Thrasher,Oreoscoptes montanus,OTT:259082
Garganey,Spatula querquedula,OTT:604176
Lesser_Nighthawk,Chordeiles acutipennis,OTT:484902
Lark_Bunting,Calamospiza melanocorys,OTT:948123
Rock_Wren,Salpinctes obsoletus,OTT:356961
Snowy_Owl,Bubo scandiacus,OTT:514178
Northern_Wheatear,Oenanthe oenanthe,OTT:1092950
Ferruginous_Hawk,Buteo regalis,OTT:155919
Kirtlands_Warbler,Setophaga kirtlandii,OTT:34665
Monk_Parakeet,Myiopsitta monachus,OTT:276609
Red-billed_Tropicbird,Phaethon aethereus,OTT:330009
Passenger_Pigeon,Ectopistes migratorius,OTT:506098
Mexican_Violetear,Colibri thalassinus,OTT:369029
Couchs_Kingbird,Tyrannus couchii,OTT:951133
MacGillivrays_Warbler,Geothlypis tolmiei,OTT:119891
Chestnut-collared_Longspur,Calcarius ornatus,OTT:765406
Spotted_Towhee,Pipilo maculatus,OTT:97318
Crested_Caracara,Caracara cheriway,OTT:1005432
Broad-billed_Hummingbird,Cynanthus latirostris,OTT:84795
White-winged_Crossbill,Loxia leucoptera,OTT:1060528
Clarks_Nutcracker,Nucifraga columbiana,OTT:425442
Short-tailed_Hawk,Buteo brachyurus,OTT:34347
Vauxs_Swift,Chaetura vauxi,OTT:174363
Flammulated_Owl,Psiloscops flammeolus,OTT:178676
Yellow-green_Vireo,Vireo flavoviridis,OTT:293381
Green-tailed_Towhee,Pipilo chlorurus,OTT:463020
Harlequin_Duck,Histrionicus histrionicus,OTT:679317
Costas_Hummingbird,Calypte costae,OTT:1002234
Arctic_Tern,Sterna paradisaea,OTT:809006
Townsends_Warbler,Setophaga townsendi,OTT:157200
Black_Swift,Cypseloides niger,OTT:882703
Glaucous-winged_Gull,Larus glaucescens,OTT:1092574
Dusky_Flycatcher,Empidonax oberholseri,OTT:119887
Snow_Bunting,Plectrophenax nivalis,OTT:453764
Hooded_Oriole,Icterus cucullatus,OTT:1077593
Ivory_Gull,Pagophila eburnea,OTT:154126
Painted_Redstart,Myioborus pictus,OTT:285205
Mountain_Plover,Charadrius montanus,OTT:112937
Razorbill,Alca torda,OTT:855485
Band-tailed_Pigeon,Patagioenas fasciata,OTT:148378
Northern_Goshawk,Accipiter gentilis,OTT:786433
White-eared_Hummingbird,Hylocharis leucotis,OTT:699784
Pin-tailed_Whydah,Vidua macroura,OTT:175250
White-crowned_Pigeon,Patagioenas leucocephala,OTT:773513
Pigeon_Guillemot,Cepphus columba,OTT:280900
Slaty-backed_Gull,Larus schistisagus,OTT:1092571
Rock_Sandpiper,Calidris ptilocnemis,OTT:236664
Pelagic_Cormorant,Phalacrocorax pelagicus,OTT:744568
Black-capped_Chickadee,Poecile atricapillus,OTT:17262
Marbled_Murrelet,Brachyramphus marmoratus,OTT:280902
Golden-crowned_Sparrow,Zonotrichia atricapilla,OTT:265554
Long-toed_Stint,Calidris subminuta,OTT:271794
Wood_Sandpiper,Tringa glareola,OTT:341975
Pacific_Wren,Troglodytes pacificus,OTT:3599091
Laysan_Albatross,Phoebastria immutabilis,OTT:320286
Mew_Gull,Larus canus,OTT:855472
Spectacled_Eider,Somateria fischeri,OTT:430245
Black-billed_Magpie,Pica hudsonia,OTT:669569
Brambling,Fringilla montifringilla,OTT:28332
Stellers_Jay,Cyanocitta stelleri,OTT:130921
Black_Turnstone,Arenaria melanocephala,OTT:654830
Thick-billed_Murre,Uria lomvia,OTT:551817
Chestnut-backed_Chickadee,Poecile rufescens,OTT:119889
Pine_Grosbeak,Pinicola enucleator,OTT:341471
Gray-tailed_Tattler,Tringa brevipes,OTT:596102
Black_Oystercatcher,Haematopus bachmani,OTT:234685
Short-tailed_Shearwater,Ardenna tenuirostris,OTT:471652
King_Eider,Somateria spectabilis,OTT:633262
Wandering_Tattler,Tringa incana,OTT:596104
Stellers_Eider,Polysticta stelleri,OTT:1050966
Yellow-billed_Loon,Gavia adamsii,OTT:90560
Violet-green_Swallow,Tachycineta thalassina,OTT:621801
Boreal_Chickadee,Poecile hudsonicus,OTT:171835
Northwestern_Crow,Corvus caurinus,OTT:183621
Red-breasted_Sapsucker,Sphyrapicus ruber,OTT:200801
Barrows_Goldeneye,Bucephala islandica,OTT:780952
Horned_Puffin,Fratercula corniculata,OTT:1078400
Crested_Auklet,Aethia cristatella,OTT:855480
Parakeet_Auklet,Aethia psittacula,OTT:280907
Black_Guillemot,Cepphus grylle,OTT:280901
Bar-tailed_Godwit,Limosa lapponica,OTT:304018
Hoary_Redpoll,Acanthis hornemanni,OTT:6367
Kittlitzs_Murrelet,Brachyramphus brevirostris,OTT:280897
Common_Murre,Uria aalge,OTT:820016
Emperor_Goose,Anser canagicus,OTT:166688
Pacific_Golden-Plover,Pluvialis fulva,OTT:951126
Surfbird,Calidris virgata,OTT:6151078
Willow_Ptarmigan,Lagopus lagopus,OTT:444614
Northern_Fulmar,Fulmarus glacialis,OTT:1028832
Least_Auklet,Aethia pusilla,OTT:855484
Gray-crowned_Rosy-Finch,Leucosticte tephrocotis,OTT:236657
Bohemian_Waxwing,Bombycilla garrulus,OTT:613881
Mottled_Petrel,Pterodroma inexpectata,OTT:85282
Northern_Shrike,Lanius borealis,OTT:6152355
Aleutian_Tern,Onychoprion aleuticus,OTT:47413
Pacific-slope_Flycatcher,Empidonax difficilis,OTT:1095256
Townsends_Solitaire,Myadestes townsendi,OTT:468120
Red-legged_Kittiwake,Rissa brevirostris,OTT:525756
Northern_Pygmy-Owl,Glaucidium gnoma,OTT:178693
White-tailed_Ptarmigan,Lagopus leucura,OTT:928346
Canada_Jay,Perisoreus canadensis,OTT:906628
Western_Wood-Pewee,Contopus sordidulus,OTT:1095260
Sooty_Grouse,Dendragapus fuliginosus,OTT:754431
Tufted_Puffin,Fratercula cirrhata,OTT:385981
Common_Eider,Somateria mollissima,OTT:785961
American_Dipper,Cinclus mexicanus,OTT:606627
Ancient_Murrelet,Synthliboramphus antiquus,OTT:1078411
Rock_Ptarmigan,Lagopus muta,OTT:504006
Red-faced_Cormorant,Phalacrocorax urile,OTT:744567
Tufted_Duck,Aythya fuligula,OTT:817992
Arctic_Loon,Gavia arctica,OTT:1085739
Eyebrowed_Thrush,Turdus obscurus,OTT:653930
Siberian_Accentor,Prunella montanella,OTT:95302
Red-throated_Pipit,Anthus cervinus,OTT:695341
Eastern_Yellow_Wagtail,Motacilla tschutschensis,OTT:24521
White_Wagtail,Motacilla alba,OTT:695336
Black-footed_Albatross,Phoebastria nigripes,OTT:320288
Spruce_Grouse,Falcipennis canadensis,OTT:55937
Red-necked_Stint,Calidris ruficollis,OTT:24121
Smew,Mergellus albellus,OTT:166692
Jack_Snipe,Lymnocryptes minimus,OTT:615387
Boreal_Owl,Aegolius funereus,OTT:735586
Sharp-tailed_Grouse,Tympanuchus phasianellus,OTT:979422
Bristle-thighed_Curlew,Numenius tahitiensis,OTT:425437
Whiskered_Auklet,Aethia pygmaea,OTT:855482
White-tailed_Eagle,Haliaeetus albicilla,OTT:263118
Common_Ringed_Plover,Charadrius hiaticula,OTT:425445
Arctic_Warbler,Phylloscopus borealis,OTT:256518
Black-backed_Woodpecker,Picoides arcticus,OTT:329874
Fork-tailed_Storm-Petrel,Oceanodroma furcata,OTT:603908
Cassins_Vireo,Vireo cassinii,OTT:289074
Pechora_Pipit,Anthus gustavi,OTT:947050
Common_Sandpiper,Actitis hypoleucos,OTT:792983
Mountain_Bluebird,Sialia currucoides,OTT:431648
Bluethroat,Luscinia svecica,OTT:274225
Black-headed_Gull,Chroicocephalus ridibundus,OTT:938670
McKays_Bunting,Plectrophenax hyperboreus,OTT:951125
Little_Stint,Calidris minuta,OTT:271793
Siberian_Rubythroat,Calliope calliope,OTT:94170
Rhinoceros_Auklet,Cerorhinca monocerata,OTT:989958
Bullers_Shearwater,Ardenna bulleri,OTT:946835
Cassins_Auklet,Ptychoramphus aleuticus,OTT:979353
American_Three-toed_Woodpecker,Picoides dorsalis,OTT:183619
Common_Chiffchaff,Phylloscopus collybita,OTT:726307
Common_Greenshank,Tringa nebularia,OTT:917055
Black-tailed_Godwit,Limosa limosa,OTT:719086
Dovekie,Alle alle,OTT:280899
Short-tailed_Albatross,Phoebastria albatrus,OTT:320284
Common_Pochard,Aythya ferina,OTT:817989
Marsh_Sandpiper,Tringa stagnatilis,OTT:1030678
Pine_Bunting,Emberiza leucocephalos,OTT:46691
Olive-backed_Pipit,Anthus hodgsoni,OTT:28330
Far_Eastern_Curlew,Numenius madagascariensis,OTT:341976
Dusky_Warbler,Phylloscopus fuscatus,OTT:930304
Red-flanked_Bluetail,Tarsiger cyanurus,OTT:131992
Lesser_Sand-Plover,Charadrius mongolus,OTT:341980
Temmincks_Stint,Calidris temminckii,OTT:149072
Rustic_Bunting,Emberiza rustica,OTT:7068450
Stejnegers_Scoter,Melanitta stejnegeri,OTT:972541
Eurasian_Skylark,Alauda arvensis,OTT:312548
Hawfinch,Coccothraustes coccothraustes,OTT:1083711
Brandts_Cormorant,Phalacrocorax penicillatus,OTT:9830
African_Collared-Dove,Streptopelia roseogrisea,OTT:801233
Terek_Sandpiper,Xenus cinereus,OTT:917049
Gray-headed_Chickadee,Poecile cinctus,OTT:951128
Green_Sandpiper,Tringa ochropus,OTT:165976
Eurasian_Bullfinch,Pyrrhula pyrrhula,OTT:1083726
Lewiss_Woodpecker,Melanerpes lewis,OTT:90564
Pin-tailed_Snipe,Gallinago stenura,OTT:45306
Rosss_Gull,Rhodostethia rosea,OTT:583040
Cassins_Finch,Haemorhous cassinii,OTT:664801
Little_Bunting,Emberiza pusilla,OTT:340338
Pallass_Bunting,Emberiza pallasi,OTT:1018614
Oriental_Turtle-Dove,Streptopelia orientalis,OTT:549523
Eurasian_Hobby,Falco subbuteo,OTT:137527
Great_Knot,Calidris tenuirostris,OTT:341981
Tropical_Kingbird,Tyrannus melancholicus,OTT:1068161
Common_House-Martin,Delichon urbicum,OTT:36109
Taiga_Flycatcher,Ficedula albicilla,OTT:859519
Western_Screech-Owl,Megascops kennicottii,OTT:178680
Tundra_Bean-Goose,Anser serrirostris,OTT:3595909
Common_Swift,Apus apus,OTT:609788
Gray-streaked_Flycatcher,Muscicapa griseisticta,OTT:795157
Thick-billed_Warbler,Arundinax aedon,OTT:383140
Dusky_Thrush,Turdus eunomus,OTT:168078
Pied_Wheatear,Oenanthe pleschanka,OTT:936541
Gray_Wagtail,Motacilla cinerea,OTT:489154
Red-backed_Shrike,Lanius collurio,OTT:489155
River_Warbler,Locustella fluviatilis,OTT:433841
Common_Rosefinch,Carpodacus erythrinus,OTT:815418
European_Golden-Plover,Pluvialis apricaria,OTT:795155
Asian_Brown_Flycatcher,Muscicapa dauurica,OTT:5859956
Wood_Warbler,Phylloscopus sibilatrix,OTT:726302
Long-billed_Murrelet,Brachyramphus perdix,OTT:1097991
Common_Cuckoo,Cuculus canorus,OTT:792628
Falcated_Duck,Mareca falcata,OTT:82420
Kamchatka_Leaf_Warbler,Phylloscopus examinandus,OTT:570880
Nazca_Booby,Sula granti,OTT:827441
Brown_Shrike,Lanius cristatus,OTT:802894
Taiga_Bean-Goose,Anser fabalis,OTT:325140
Black_Kite,Milvus migrans,OTT:548448
South_Polar_Skua,Stercorarius maccormicki,OTT:494176
Baikal_Teal,Sibirionetta formosa,OTT:1086566
Black-tailed_Gull,Larus crassirostris,OTT:766942
Flesh-footed_Shearwater,Ardenna carneipes,OTT:946836
Dark-sided_Flycatcher,Muscicapa sibirica,OTT:678914
Siberian_Stonechat,Saxicola maurus,OTT:546578
Willow_Warbler,Phylloscopus trochilus,OTT:96282
Rufous-tailed_Robin,Larvivora sibilans,OTT:45312
Gray_Bunting,Emberiza variabilis,OTT:28339
Spotted_Redshank,Tringa erythropus,OTT:596861
Solitary_Snipe,Gallinago solitaria,OTT:3596861
Oriental_Cuckoo,Cuculus optatus,OTT:5857186
Long-legged_Buzzard,Buteo rufinus,OTT:545325
Manx_Shearwater,Puffinus puffinus,OTT:471661
Sedge_Warbler,Acrocephalus schoenobaenus,OTT:1071378
Pink-footed_Shearwater,Ardenna creatopus,OTT:946834
Heermanns_Gull,Larus heermanni,OTT:509055
Mountain_Chickadee,Poecile gambeli,OTT:694655
Eurasian_Coot,Fulica atra,OTT:1041538
Stellers_Sea-Eagle,Haliaeetus pelagicus,OTT:327490
Pallass_Gull,Ichthyaetus ichthyaetus,OTT:993037
Black_Phoebe,Sayornis nigricans,OTT:568705
Indian_Peafowl,Pavo cristatus,OTT:453575
Golden_Pheasant,Chrysolophus pictus,OTT:521325
Pied_Crow,Corvus albus,OTT:711837
Yellow-breasted_Bunting,Emberiza aureola,OTT:45309
Whooper_Swan,Cygnus cygnus,OTT:817994
White-winged_Tern,Chlidonias leucopterus,OTT:915891
Eurasian_Dotterel,Charadrius morinellus,OTT:238463
Gray_Heron,Ardea cinerea,OTT:119222
Western_Gull,Larus occidentalis,OTT:416090
Chinese_Pond-Heron,Ardeola bacchus,OTT:273439
Yellow_Bittern,Ixobrychus sinensis,OTT:105531
Yellow-throated_Bunting,Emberiza elegans,OTT:167343
Oriental_Greenfinch,Chloris sinica,OTT:28346
Lesser_White-fronted_Goose,Anser erythropus,OTT:691333
Eastern_Spot-billed_Duck,Anas zonorhyncha,OTT:30850
Eskimo_Curlew,Numenius borealis,OTT:3596849
Eurasian_Siskin,Spinus spinus,OTT:167338
Reed_Bunting,Emberiza schoeniclus,OTT:711856
Pacific_Swift,Apus pacificus,OTT:759417
White-throated_Needletail,Hirundapus caudacutus,OTT:501661
Middendorffs_Grasshopper-Warbler,Locustella ochotensis,OTT:326781
Spoon-billed_Sandpiper,Calidris pygmaea,OTT:180487
Great_Spotted_Woodpecker,Dendrocopos major,OTT:348848
Little_Ringed_Plover,Charadrius dubius,OTT:274628
Narcissus_Flycatcher,Ficedula narcissina,OTT:131996
Siberian_Blue_Robin,Larvivora cyane,OTT:812517
Brewers_Sparrow,Spizella breweri,OTT:463034
Tree_Pipit,Anthus trivialis,OTT:695340
Common_Crane,Grus grus,OTT:589064
Broad-billed_Sandpiper,Calidris falcinellus,OTT:651066
Gray_Nightjar,Caprimulgus jotaka,OTT:3597082
Cooks_Petrel,Pterodroma cookii,OTT:845415
Oriental_Scops-Owl,Otus sunia,OTT:218922
Eurasian_Hoopoe,Upupa epops,OTT:412129
Eurasian_Kestrel,Falco tinnunculus,OTT:534514
Chinese_Egret,Egretta eulophotes,OTT:981451
Oriental_Pratincole,Glareola maldivarum,OTT:180488
Clarks_Grebe,Aechmophorus clarkii,OTT:1064229
Fieldfare,Turdus pilaris,OTT:1050514
Eurasian_Wryneck,Jynx torquilla,OTT:467846
Naumanns_Thrush,Turdus naumanni,OTT:884603
Lanceolated_Warbler,Locustella lanceolata,OTT:480675
Hen_Harrier,Circus cyaneus,OTT:581831
Demoiselle_Crane,Anthropoides virgo,OTT:414347
Black-winged_Stilt,Himantopus himantopus,OTT:364171
Salvins_Albatross,Thalassarche salvini,OTT:514671
Intermediate_Egret,Ardea intermedia,OTT:105529
Yellow-browed_Warbler,Phylloscopus inornatus,OTT:930297
Pallass_Leaf_Warbler,Phylloscopus proregulus,OTT:930298
Yellow-browed_Bunting,Emberiza chrysophrys,OTT:846941
Northern_Boobook,Ninox japonica,OTT:3595710
Redwing,Turdus iliacus,OTT:906449
Asian_Rosy-Finch,Leucosticte arctoa,OTT:178457
Eurasian_Sparrowhawk,Accipiter nisus,OTT:238460
Common_Redstart,Phoenicurus phoenicurus,OTT:1093902
Pallass_Rosefinch,Carpodacus roseus,OTT:815419
Blyths_Reed_Warbler,Acrocephalus dumetorum,OTT:383146
Pallass_Grasshopper-Warbler,Locustella certhiola,OTT:496023
Red-footed_Booby,Sula sula,OTT:1030314
Red_Junglefowl,Gallus gallus,OTT:153563
Bridled_Titmouse,Baeolophus wollweberi,OTT:694665
Juniper_Titmouse,Baeolophus ridgwayi,OTT:582675
Curve-billed_Thrasher,Toxostoma curvirostre,OTT:259098
Cassins_Kingbird,Tyrannus vociferans,OTT:618382
Violet-crowned_Hummingbird,Amazilia violiceps,OTT:1016440
Canyon_Wren,Catherpes mexicanus,OTT:406675
Aberts_Towhee,Melozone aberti,OTT:463022
Black-throated_Sparrow,Amphispiza bilineata,OTT:292646
Canyon_Towhee,Melozone fusca,OTT:463029
Acorn_Woodpecker,Melanerpes formicivorus,OTT:576224
Yellow-eyed_Junco,Junco phaeonotus,OTT:765405
Black-tailed_Gnatcatcher,Polioptila melanura,OTT:443273
Greater_Roadrunner,Geococcyx californianus,OTT:212182
Gambels_Quail,Callipepla gambelii,OTT:340887
Cactus_Wren,Campylorhynchus brunneicapillus,OTT:800237
Gila_Woodpecker,Melanerpes uropygialis,OTT:122918
Rosy-faced_Lovebird,Agapornis roseicollis,OTT:174401
Huttons_Vireo,Vireo huttoni,OTT:119885
Phainopepla,Phainopepla nitens,OTT:33427
Scaled_Quail,Callipepla squamata,OTT:728092
Arizona_Woodpecker,Dryobates arizonae,OTT:7662900
Rufous-crowned_Sparrow,Aimophila ruficeps,OTT:292634
Ladder-backed_Woodpecker,Dryobates scalaris,OTT:701702
Elf_Owl,Micrathene whitneyi,OTT:254541
Dusky-capped_Flycatcher,Myiarchus tuberculifer,OTT:730978
Verdin,Auriparus flaviceps,OTT:1093469
Montezuma_Quail,Cyrtonyx montezumae,OTT:204716
Western_Bluebird,Sialia mexicana,OTT:1044558
Gilded_Flicker,Colaptes chrysoides,OTT:3600175
Lesser_Goldfinch,Spinus psaltria,OTT:957575
Graces_Warbler,Setophaga graciae,OTT:455853
Mexican_Duck,Anas diazi,OTT:82410
Tufted_Flycatcher,Mitrephanes phaeocercus,OTT:1044517
Rufous-backed_Robin,Turdus rufopalliatus,OTT:532591
Gray_Vireo,Vireo vicinior,OTT:48938
Buff-collared_Nightjar,Antrostomus ridgwayi,OTT:742961
Ridgways_Rail,Rallus obsoletus,OTT:5857230
Streak-backed_Oriole,Icterus pustulatus,OTT:550993
Bushtit,Psaltriparus minimus,OTT:1058772
Rufous-capped_Warbler,Basileuterus rufifrons,OTT:1034070
Pinyon_Jay,Gymnorhinus cyanocephalus,OTT:979211
Black-chinned_Sparrow,Spizella atrogularis,OTT:463036
Bendires_Thrasher,Toxostoma bendirei,OTT:259086
Five-striped_Sparrow,Amphispiza quinquestriata,OTT:630695
Buff-breasted_Flycatcher,Empidonax fulvifrons,OTT:674998
Zone-tailed_Hawk,Buteo albonotatus,OTT:288710
Lucifer_Hummingbird,Calothorax lucifer,OTT:3600536
Hepatic_Tanager,Piranga flava,OTT:1041102
Common_Poorwill,Phalaenoptilus nuttallii,OTT:701551
White-throated_Swift,Aeronautes saxatalis,OTT:156330
Common_Black_Hawk,Buteogallus anthracinus,OTT:624766
Woodhouses_Scrub-Jay,Aphelocoma woodhouseii,OTT:291107
Gray_Flycatcher,Empidonax wrightii,OTT:675006
Red-faced_Warbler,Cardellina rubrifrons,OTT:1061912
Mexican_Jay,Aphelocoma wollweberi,OTT:840089
Pyrrhuloxia,Cardinalis sinuatus,OTT:425446
Rufous-winged_Sparrow,Peucaea carpalis,OTT:6028
Pygmy_Nuthatch,Sitta pygmaea,OTT:82240
Red-naped_Sapsucker,Sphyrapicus nuchalis,OTT:90562
Gray_Hawk,Buteo plagiatus,OTT:6151487
Williamsons_Sapsucker,Sphyrapicus thyroideus,OTT:90563
Lucys_Warbler,Leiothlypis luciae,OTT:711624
Scotts_Oriole,Icterus parisorum,OTT:788031
Botteris_Sparrow,Peucaea botterii,OTT:24666
Virginias_Warbler,Leiothlypis virginiae,OTT:759416
Crissal_Thrasher,Toxostoma crissale,OTT:1037285
Chihuahuan_Raven,Corvus cryptoleucus,OTT:754774
Hermit_Warbler,Setophaga occidentalis,OTT:935122
Northern_Beardless-Tyrannulet,Camptostoma imberbe,OTT:664800
Blue-throated_Mountain-gem,Lampornis clemenciae,OTT:324612
Varied_Bunting,Passerina versicolor,OTT:887258
Whiskered_Screech-Owl,Megascops trichopsis,OTT:621249
Greater_Pewee,Contopus pertinax,OTT:512129
Mexican_Whip-poor-will,Antrostomus arizonae,OTT:322674
California_Condor,Gymnogyps californianus,OTT:316992
Olive_Warbler,Peucedramus taeniatus,OTT:370807
Cassins_Sparrow,Peucaea cassinii,OTT:961462
Elegant_Trogon,Trogon elegans,OTT:917899
Thick-billed_Kingbird,Tyrannus crassirostris,OTT:951134
Mexican_Chickadee,Poecile sclateri,OTT:171825
Sagebrush_Sparrow,Artemisiospiza nevadensis,OTT:6153372
Lawrences_Goldfinch,Spinus lawrencei,OTT:913590
Bairds_Sparrow,Centronyx bairdii,OTT:836182
Slate-throated_Redstart,Myioborus miniatus,OTT:859998
Flame-colored_Tanager,Piranga bidentata,OTT:1041108
Bells_Sparrow,Artemisiospiza belli,OTT:292639
Black-capped_Gnatcatcher,Polioptila nigriceps,OTT:1019726
Wedge-rumped_Storm-Petrel,Oceanodroma tethys,OTT:603905
Pine_Flycatcher,Empidonax affinis,OTT:203097
LeContes_Thrasher,Toxostoma lecontei,OTT:410208
Sinaloa_Wren,Thryophilus sinaloa,OTT:859841
McCowns_Longspur,Rhynchophanes mccownii,OTT:948132
Plain-capped_Starthroat,Heliomaster constantii,OTT:164168
Berylline_Hummingbird,Amazilia beryllina,OTT:84792
California_Scrub-Jay,Aphelocoma californica,OTT:641524
Green_Kingfisher,Chloroceryle americana,OTT:1039522
Aztec_Thrush,Ridgwayia pinicola,OTT:551578
Rose-throated_Becard,Pachyramphus aglaiae,OTT:490200
Yellow-collared_Lovebird,Agapornis personatus,OTT:174393
Nanday_Parakeet,Aratinga nenday,OTT:240289
Ruddy_Ground_Dove,Columbina talpacoti,OTT:388536
Nuttings_Flycatcher,Myiarchus nuttingi,OTT:396005
Least_Storm-Petrel,Oceanodroma microsoma,OTT:656584
Black_Storm-Petrel,Oceanodroma melania,OTT:603904
Dusky_Grouse,Dendragapus obscurus,OTT:1003843
Juan_Fernandez_Petrel,Pterodroma externa,OTT:271035
Least_Grebe,Tachybaptus dominicus,OTT:299432
California_Quail,Callipepla californica,OTT:340882
European_Goldfinch,Carduelis carduelis,OTT:1083719
Fan-tailed_Warbler,Basileuterus lachrymosus,OTT:335230
Blue-footed_Booby,Sula nebouxii,OTT:429615
Black_Rosy-Finch,Leucosticte atrata,OTT:827285
Ringed_Kingfisher,Megaceryle torquata,OTT:314750
Tropical_Parula,Setophaga pitiayumi,OTT:956236
Elegant_Tern,Thalasseus elegans,OTT:341032
White-throated_Thrush,Turdus assimilis,OTT:1058860
Yellow_Grosbeak,Pheucticus chrysopeplus,OTT:3597154
White-throated_Magpie-Jay,Calocitta formosa,OTT:792691
Thick-billed_Parrot,Rhynchopsitta pachyrhyncha,OTT:630227
Zebra_Finch,Taeniopygia guttata,OTT:708327
Northern_Red_Bishop,Euplectes franciscanus,OTT:636750
Blue-crowned_Parakeet,Thectocercus acuticaudatus,OTT:33329
Indian_Silverbill,Euodice malabarica,OTT:596766
Northern_Jacana,Jacana spinosa,OTT:526708
Green_Parakeet,Psittacara holochlorus,OTT:461598
Red-crested_Pochard,Netta rufina,OTT:693335
Black-throated_Magpie-Jay,Calocitta colliei,OTT:570419
White-rumped_Shama,Copsychus malabaricus,OTT:466330
Eared_Quetzal,Euptilotis neoxenus,OTT:462555
Gray_Go-away-bird,Corythaixoides concolor,OTT:842342
Oak_Titmouse,Baeolophus inornatus,OTT:641521
Emu,Dromaius novaehollandiae,OTT:829513
Yellow-naped_Parrot,Amazona auropalliata,OTT:1118
European_Turtle-Dove,Streptopelia turtur,OTT:801237
Common_Shelduck,Tadorna tadorna,OTT:30847
Fischers_Lovebird,Agapornis fischeri,OTT:174397
Common_Myna,Acridotheres tristis,OTT:80701
Red-crested_Cardinal,Paroaria coronata,OTT:301064
Blue-capped_Cordonbleu,Uraeginthus cyanocephalus,OTT:95955
Yellow-chevroned_Parakeet,Brotogeris chiriri,OTT:648764
Red-legged_Partridge,Alectoris rufa,OTT:51360
Crescent-chested_Warbler,Oreothlypis superciliosa,OTT:430147
Blue_Mockingbird,Melanotis caerulescens,OTT:1000575
Elegant_Quail,Callipepla douglasii,OTT:340885
Black-vented_Shearwater,Puffinus opisthomelas,OTT:134468
Cinnamon_Hummingbird,Amazilia rutila,OTT:116399
Yellow-footed_Gull,Larus livens,OTT:993041
Great_Kiskadee,Pitangus sulphuratus,OTT:375105
Brown-backed_Solitaire,Myadestes occidentalis,OTT:786479
Brown-chested_Martin,Progne tapera,OTT:537122
Gray-collared_Becard,Pachyramphus major,OTT:835164
Wedge-tailed_Shearwater,Ardenna pacifica,OTT:471653
Scarlet_Ibis,Eudocimus ruber,OTT:689773
Greater_Prairie-Chicken,Tympanuchus cupido,OTT:728073
Nuttalls_Woodpecker,Dryobates nuttallii,OTT:701703
California_Towhee,Melozone crissalis,OTT:463032
White-headed_Woodpecker,Dryobates albolarvatus,OTT:878373
California_Thrasher,Toxostoma redivivum,OTT:1085996
Ashy_Storm-Petrel,Oceanodroma homochroa,OTT:1021954
Wrentit,Chamaea fasciata,OTT:3599833
Yellow-billed_Magpie,Pica nuttalli,OTT:570503
Scrippss_Murrelet,Synthliboramphus scrippsi,OTT:6150946
California_Gnatcatcher,Polioptila californica,OTT:443272
Townsends_Storm-Petrel,Oceanodroma socorroensis,OTT:6155061
Mountain_Quail,Oreortyx pictus,OTT:676779
Red-crowned_Parrot,Amazona viridigenalis,OTT:919810
Tricolored_Blackbird,Agelaius tricolor,OTT:617797
Red-whiskered_Bulbul,Pycnonotus jocosus,OTT:778857
Bronze_Mannikin,Spermestes cucullata,OTT:890352
Mitred_Parakeet,Psittacara mitratus,OTT:959827
Red-lored_Parrot,Amazona autumnalis,OTT:636288
Red-masked_Parakeet,Psittacara erythrogenys,OTT:186442
Spotted_Dove,Streptopelia chinensis,OTT:329078
Lilac-crowned_Parrot,Amazona finschi,OTT:831228
Greater_Sage-Grouse,Centrocercus urophasianus,OTT:728077
Swinhoes_White-eye,Zosterops simplex,OTT:25635
Murphys_Petrel,Pterodroma ultima,OTT:73703
Orange-cheeked_Waxbill,Estrilda melpoda,OTT:102066
Island_Scrub-Jay,Aphelocoma insularis,OTT:440878
Craveris_Murrelet,Synthliboramphus craveri,OTT:454492
Yellow-headed_Parrot,Amazona oratrix,OTT:1119
Hawaiian_Petrel,Pterodroma sandwichensis,OTT:449678
White-winged_Parakeet,Brotogeris versicolurus,OTT:789650
White-fronted_Parrot,Amazona albifrons,OTT:307005
Guadalupe_Murrelet,Synthliboramphus hypoleucus,OTT:1078413
Great_Frigatebird,Fregata minor,OTT:285638
Kermadec_Petrel,Pterodroma neglecta,OTT:271044
Cinnamon-rumped_Seedeater,Sporophila torqueola,OTT:1050512
Citrine_Wagtail,Motacilla citreola,OTT:842438
Turquoise-fronted_Parrot,Amazona aestiva,OTT:658064
Swallow-tailed_Gull,Creagrus furcatus,OTT:500429
Tristrams_Storm-Petrel,Oceanodroma tristrami,OTT:603913
Yellow-crowned_Parrot,Amazona ochrocephala,OTT:165617
Zebra_Dove,Geopelia striata,OTT:956251
Lesser_Flamingo,Phoeniconaias minor,OTT:1030753
Yellow-crowned_Bishop,Euplectes afer,OTT:893455
Blue-gray_Tanager,Thraupis episcopus,OTT:817632
Ruddy_Shelduck,Tadorna ferruginea,OTT:282323
Red-billed_Leiothrix,Leiothrix lutea,OTT:965458
Yellow-billed_Cardinal,Paroaria capitata,OTT:396694
Yellow-fronted_Canary,Crithagra mozambica,OTT:1083721
Diamond_Dove,Geopelia cuneata,OTT:449654
Pink-backed_Pelican,Pelecanus rufescens,OTT:901986
Green_Peafowl,Pavo muticus,OTT:102708
Black-backed_Oriole,Icterus abeillei,OTT:875833
Yellow-headed_Caracara,Milvago chimachima,OTT:1015193
White-rumped_Seedeater,Crithagra leucopygia,OTT:559271
Saffron_Finch,Sicalis flaveola,OTT:853515
Black-headed_Weaver,Ploceus melanocephalus,OTT:937182
Broad-tailed_Paradise-Whydah,Vidua obtusa,OTT:617310
Laughing_Dove,Streptopelia senegalensis,OTT:244136
Blue-black_Grassquit,Volatinia jacarina,OTT:946790
South_African_Shelduck,Tadorna cana,OTT:857011
Scaly-headed_Parrot,Pionus maximiliani,OTT:300971
Zanzibar_Red_Bishop,Euplectes nigroventris,OTT:636751
Eurasian_Tree_Sparrow,Passer montanus,OTT:44870
Red-cheeked_Cordonbleu,Uraeginthus bengalus,OTT:95951
Red_Avadavat,Amandava amandava,OTT:393085
Congo_Peacock,Afropavo congensis,OTT:51349
White-winged_Collared-Dove,Streptopelia reichenowi,OTT:3596478
Venezuelan_Troupial,Icterus icterus,OTT:788029
Chilean_Flamingo,Phoenicopterus chilensis,OTT:960220
Burrowing_Parakeet,Cyanoliseus patagonus,OTT:682871
Bar-headed_Goose,Anser indicus,OTT:190897
Purple_Starling,Lamprotornis purpureus,OTT:355767
Golden_Palm_Weaver,Ploceus bojeri,OTT:988336
Keel-billed_Toucan,Ramphastos sulfuratus,OTT:1030674
Red-billed_Firefinch,Lagonosticta senegala,OTT:255281
House_Crow,Corvus splendens,OTT:38262
Mealy_Parrot,Amazona farinosa,OTT:165616
Greater_Flamingo,Phoenicopterus roseus,OTT:595567
Peterss_Twinspot,Hypargos niveoguttatus,OTT:326785
Great_Tit,Parus major,OTT:515143
Common_Hill_Myna,Gracula religiosa,OTT:80418
Blue_Dacnis,Dacnis cayana,OTT:90901
Yellow-billed_Stork,Mycteria ibis,OTT:464693
Green-winged_Pytilia,Pytilia melba,OTT:255282
Common_Quail,Coturnix coturnix,OTT:1098760
Eastern_Rosella,Platycercus eximius,OTT:19460
Silver_Pheasant,Lophura nycthemera,OTT:624446
Green_Jay,Cyanocorax yncas,OTT:937732
Black-rumped_Waxbill,Estrilda troglodytes,OTT:102064
European_Greenfinch,Chloris chloris,OTT:1083715
Crested_Oropendola,Psarocolius decumanus,OTT:939937
Bearded_Barbet,Lybius dubius,OTT:789437
Red-vented_Bulbul,Pycnonotus cafer,OTT:181049
Sociable_Weaver,Philetairus socius,OTT:617301
Orange-winged_Parrot,Amazona amazonica,OTT:636289
Chestnut_Munia,Lonchura atricapilla,OTT:4085
White-headed_Munia,Lonchura maja,OTT:290806
Common_Waxbill,Estrilda astrild,OTT:901156
Epaulet_Oriole,Icterus cayanensis,OTT:839103
Gray_Parrot,Psittacus erithacus,OTT:285641
Aplomado_Falcon,Falco femoralis,OTT:438663
Crested_Myna,Acridotheres cristatellus,OTT:405018
Gray_Crowned-Crane,Balearica regulorum,OTT:191006
Black_Guineafowl,Agelastes niger,OTT:3596015
Eurasian_Magpie,Pica pica,OTT:776471
Emerald_Starling,Lamprotornis iris,OTT:542005
Crimson_Rosella,Platycercus elegans,OTT:224308
Gouldian_Finch,Erythrura gouldiae,OTT:465909
Rainbow_Lorikeet,Trichoglossus moluccanus,OTT:7068808
Yellow_Canary,Crithagra flaviventris,OTT:903271
Black_Francolin,Francolinus francolinus,OTT:676796
White-winged_Widowbird,Euplectes albonotatus,OTT:636754
Zebra_Waxbill,Sporaeginthus subflavus,OTT:276881
Socorro_Parakeet,Psittacara brevipes,OTT:1038630
Ring-necked_Dove,Streptopelia capicola,OTT:244134
White-faced_Whistling-Duck,Dendrocygna viduata,OTT:662622
Gray_Junglefowl,Gallus sonneratii,OTT:153560
Black-capped_Parakeet,Pyrrhura rupicola,OTT:744927
Orange-fronted_Parakeet,Eupsittula canicularis,OTT:181128
Wrinkled_Hornbill,Rhabdotorrhinus corrugatus,OTT:211109
Red-and-green_Macaw,Ara chloropterus,OTT:851015
Oriental_Pied-Hornbill,Anthracoceros albirostris,OTT:291854
Jandaya_Parakeet,Aratinga jandaya,OTT:226416
Sudan_Golden_Sparrow,Passer luteus,OTT:710451
Andean_Condor,Vultur gryphus,OTT:363015
Village_Weaver,Ploceus cucullatus,OTT:370802
Namaqua_Dove,Oena capensis,OTT:975892
Stone_Partridge,Ptilopachus petrosus,OTT:867023
Eurasian_Blue_Tit,Cyanistes caeruleus,OTT:746120
Hawaiian_Goose,Branta sandvicensis,OTT:767835
Chiloe_Wigeon,Mareca sibilatrix,OTT:604188
Taveta_Golden-Weaver,Ploceus castaneiceps,OTT:3597754
Xantuss_Hummingbird,Hylocharis xantusii,OTT:699785
Cut-throat,Amadina fasciata,OTT:393090
White-rumped_Munia,Lonchura striata,OTT:306760
Military_Macaw,Ara militaris,OTT:758345
African_Sacred_Ibis,Threskiornis aethiopicus,OTT:413795
Red-rumped_Parrot,Psephotus haematonotus,OTT:225745
Blue-and-yellow_Macaw,Ara ararauna,OTT:1020127
Abdims_Stork,Ciconia abdimii,OTT:563490
Madagascar_Ibis,Lophotibis cristata,OTT:3596725
Black-necked_Swan,Cygnus melancoryphus,OTT:318892
Vinous-throated_Parrotbill,Sinosuthora webbiana,OTT:802901
Red-breasted_Goose,Branta ruficollis,OTT:799106
Crimson-rumped_Waxbill,Estrilda rhodopyga,OTT:102068
Water_Pipit,Anthus spinoletta,OTT:695342
Red-browed_Firetail,Neochmia temporalis,OTT:918913
Brahminy_Starling,Sturnia pagodarum,OTT:844099
Black-throated_Canary,Crithagra atrogularis,OTT:328905
Golden-fronted_Leafbird,Chloropsis aurifrons,OTT:7490
Red-crowned_Parakeet,Cyanoramphus novaezelandiae,OTT:818316
Southern_Masked-Weaver,Ploceus velatus,OTT:301061
Diamond_Firetail,Stagonopleura guttata,OTT:543841
Common_Scoter,Melanitta nigra,OTT:948668
Meyers_Parrot,Poicephalus meyeri,OTT:963224
Yellow-faced_Grassquit,Tiaris olivaceus,OTT:227256
White-lined_Tanager,Tachyphonus rufus,OTT:1073501
White-eared_Bulbul,Pycnonotus leucotis,OTT:3598322
Eclectus_Parrot,Eclectus roratus,OTT:375776
Kalij_Pheasant,Lophura leucomelanos,OTT:53700
Streak-headed_Munia,Lonchura tristissima,OTT:3597686
Southern_Brown_Kiwi,Apteryx australis,OTT:241834
Gray_Silky-flycatcher,Ptiliogonys cinereus,OTT:843507
Crested_Guineafowl,Guttera pucherani,OTT:684048
Black_Siskin,Spinus atratus,OTT:637971
European_Serin,Serinus serinus,OTT:1083724
White-headed_Woodhoopoe,Phoeniculus bollei,OTT:3600732
Blue_Duck,Hymenolaimus malacorhynchos,OTT:423364
Pacific_Parrotlet,Forpus coelestis,OTT:630221
Upland_Goose,Chloephaga picta,OTT:140309
Spur-winged_Lapwing,Vanellus spinosus,OTT:313115
Greater_Coucal,Centropus sinensis,OTT:1039519
Village_Indigobird,Vidua chalybeata,OTT:622887
White-capped_Albatross,Thalassarche cauta,OTT:320278
Belchers_Gull,Larus belcheri,OTT:704174
Red-tailed_Tropicbird,Phaethon rubricauda,OTT:509057
Little_Curlew,Numenius minutus,OTT:651069
Wandering_Albatross,Diomedea exulans,OTT:71459
Indian_White-eye,Zosterops palpebrosus,OTT:446693
Gray-faced_Petrel,Pterodroma gouldi,OTT:581903
Bulwers_Petrel,Bulweria bulwerii,OTT:944663
Streaked_Shearwater,Calonectris leucomelas,OTT:82215
Light-mantled_Albatross,Phoebetria palpebrata,OTT:592674
White-tailed_Tropicbird,Phaethon lepturus,OTT:855119
Stejnegers_Petrel,Pterodroma longirostris,OTT:271031
Golden-cheeked_Warbler,Setophaga chrysoparia,OTT:1053199
White-collared_Swift,Streptoprocne zonaris,OTT:697414
Greater_Sand-Plover,Charadrius leschenaultii,OTT:1040108
Chatham_Albatross,Thalassarche eremita,OTT:134477
Ringed_Storm-Petrel,Oceanodroma hornbyi,OTT:3595642
Parkinsons_Petrel,Procellaria parkinsoni,OTT:603895
Orange-breasted_Bunting,Passerina leclancherii,OTT:887253
Lesser_Frigatebird,Fregata ariel,OTT:906504
Newells_Shearwater,Puffinus newelli,OTT:828823
White-chinned_Petrel,Procellaria aequinoctialis,OTT:845406
Jouanins_Petrel,Bulweria fallax,OTT:3595599
Black-winged_Bishop,Euplectes hordeaceus,OTT:617293
Japanese_Tit,Parus minor,OTT:387300
Peacock_Coquette,Lophornis pavoninus,OTT:520729
Caspian_Gull,Larus cachinnans,OTT:1092580
Olivaceous_Siskin,Spinus olivaceus,OTT:238138
Double-barred_Finch,Taeniopygia bichenovii,OTT:1019789
Brown-capped_Rosy-Finch,Leucosticte australis,OTT:235456
Pink-footed_Goose,Anser brachyrhynchus,OTT:970372
Golden-crowned_Warbler,Basileuterus culicivorus,OTT:508027
Rufous-collared_Sparrow,Zonotrichia capensis,OTT:265551
New_Guinea_Scrubfowl,Megapodius decollatus,OTT:227301
Southern_Cordonbleu,Uraeginthus angolensis,OTT:95949
White-winged_Grosbeak,Mycerobas carnipes,OTT:341476
Variable_Hawk,Geranoaetus polyosoma,OTT:458097
Hyacinth_Macaw,Anodorhynchus hyacinthinus,OTT:416115
Island_Canary,Serinus canaria,OTT:464865
Long-billed_Thrasher,Toxostoma longirostre,OTT:1085998
Saltmarsh_Sparrow,Ammospiza caudacuta,OTT:567252
Roseate_Tern,Sterna dougallii,OTT:285543
Bicknells_Thrush,Catharus bicknelli,OTT:545760
Little_Egret,Egretta garzetta,OTT:273425
Chestnut-throated_Seedeater,Sporophila telasco,OTT:128438
Senegal_Parrot,Poicephalus senegalus,OTT:246406
Eurasian_Jackdaw,Corvus monedula,OTT:711848
Southern_Red_Bishop,Euplectes orix,OTT:961125
Corn_Crake,Crex crex,OTT:897460
Atlantic_Puffin,Fratercula arctica,OTT:864865
Black-capped_Petrel,Pterodroma hasitata,OTT:271036
White-faced_Storm-Petrel,Pelagodroma marina,OTT:904490
Labrador_Duck,Camptorhynchus labradorius,OTT:526047
Northern_Lapwing,Vanellus vanellus,OTT:413796
Great_Skua,Stercorarius skua,OTT:742633
Silver_Gull,Chroicocephalus novaehollandiae,OTT:887696
Whiskered_Tern,Chlidonias hybrida,OTT:915886
Lilac-breasted_Roller,Coracias caudatus,OTT:244691
Sunbittern,Eurypyga helias,OTT:86680
Asian_Fairy-bluebird,Irena puella,OTT:647178
Sulawesi_Ground_Dove,Gallicolumba tristigmata,OTT:392935
Blue-capped_Motmot,Momotus coeruliceps,OTT:3596430
Great_Argus,Argusianus argus,OTT:521339
Nicobar_Pigeon,Caloenas nicobarica,OTT:1032058
Silver-beaked_Tanager,Ramphocelus carbo,OTT:107151
Yellow-legged_Gull,Larus michahellis,OTT:1041800
Snail_Kite,Rostrhamus sociabilis,OTT:399794
Florida_Scrub-Jay,Aphelocoma coerulescens,OTT:175629
Zenaida_Dove,Zenaida aurita,OTT:873995
Gray-headed_Swamphen,Porphyrio poliocephalus,OTT:967838
Spot-breasted_Oriole,Icterus pectoralis,OTT:550995
Smooth-billed_Ani,Crotophaga ani,OTT:267844
Cuban_Vireo,Vireo gundlachii,OTT:3598051
Crimson-fronted_Parakeet,Psittacara finschi,OTT:1038621
Western_Spindalis,Spindalis zena,OTT:303111
Thick-billed_Vireo,Vireo crassirostris,OTT:498776
Antillean_Nighthawk,Chordeiles gundlachii,OTT:3597094
Scarlet-fronted_Parakeet,Psittacara wagleri,OTT:461596
Chestnut-fronted_Macaw,Ara severus,OTT:789646
White-eyed_Parakeet,Psittacara leucophthalmus,OTT:789655
Bahama_Mockingbird,Mimus gundlachii,OTT:1000580
Black-faced_Grassquit,Melanospiza bicolor,OTT:1000571
Black_Noddy,Anous minutus,OTT:417372
Key_West_Quail-Dove,Geotrygon chrysia,OTT:3596620
La_Sagras_Flycatcher,Myiarchus sagrae,OTT:138461
European_Storm-Petrel,Hydrobates pelagicus,OTT:656589
Feas_Petrel,Pterodroma feae,OTT:950182
Cuban_Pewee,Contopus caribaeus,OTT:3599160
Bahama_Swallow,Tachycineta cyaneoviridis,OTT:621800
Bananaquit,Coereba flaveola,OTT:419369
Tropical_Mockingbird,Mimus gilvus,OTT:1000585
Bahama_Woodstar,Nesophlox evelynae,OTT:3600526
Loggerhead_Kingbird,Tyrannus caudifasciatus,OTT:730977
Coscoroba_Swan,Coscoroba coscoroba,OTT:140305
Stygian_Owl,Asio stygius,OTT:595225
Double-toothed_Kite,Harpagus bidentatus,OTT:919198
European_Robin,Erithacus rubecula,OTT:507122
Red-legged_Thrush,Turdus plumbeus,OTT:906941
Antillean_Palm-Swift,Tachornis phoenicobia,OTT:206229
Dark-billed_Cuckoo,Coccyzus melacoryphus,OTT:787069
Rosy-billed_Pochard,Netta peposaca,OTT:857019
Plumed_Whistling-Duck,Dendrocygna eytoni,OTT:662615
Dusky-headed_Parakeet,Aratinga weddellii,OTT:1064252
Great_White_Pelican,Pelecanus onocrotalus,OTT:427899
Hispaniolan_Parrot,Amazona ventralis,OTT:291861
Giant_Wood-Rail,Aramides ypecaha,OTT:228505
Java_Sparrow,Lonchura oryzivora,OTT:453058
Russet-naped_Wood-Rail,Aramides albiventris,OTT:7659896
Black-cheeked_Lovebird,Agapornis nigrigenis,OTT:174390
Peach-fronted_Parakeet,Eupsittula aurea,OTT:717641
Dusky_Lory,Pseudeos fuscata,OTT:396440
Cuban_Bullfinch,Melopyrrha nigra,OTT:628898
Paradise_Tanager,Tangara chilensis,OTT:559738
Cuban_Grassquit,Phonipara canora,OTT:349675
Purple_Honeycreeper,Cyanerpes caeruleus,OTT:90890
Green-cheeked_Parakeet,Pyrrhura molinae,OTT:442816
Hottentot_Teal,Spatula hottentota,OTT:82424
Black-and-white_Mannikin,Spermestes bicolor,OTT:998135
Lavender_Waxbill,Estrilda coerulescens,OTT:969505
Red-shouldered_Macaw,Diopsittaca nobilis,OTT:789639
Black-necked_Stork,Ephippiorhynchus asiaticus,OTT:848607
Red-breasted_Parakeet,Psittacula alexandri,OTT:753626
Orinoco_Goose,Oressochen jubatus,OTT:88391
White_Cockatoo,Cacatua alba,OTT:579824
Superb_Starling,Lamprotornis superbus,OTT:968667
Blue-winged_Goose,Cyanochen cyanoptera,OTT:140301
Toco_Toucan,Ramphastos toco,OTT:640527
Blue-winged_Mountain-Tanager,Anisognathus somptuosus,OTT:593418
Black-headed_Parrot,Pionites melanocephalus,OTT:682876
Maroon-bellied_Parakeet,Pyrrhura frontalis,OTT:33330
Alexandrine_Parakeet,Psittacula eupatria,OTT:339566
Green_Honeycreeper,Chlorophanes spiza,OTT:244603
Ferruginous_Duck,Aythya nyroca,OTT:789865
Jungle_Myna,Acridotheres fuscus,OTT:595025
Magpie_Goose,Anseranas semipalmata,OTT:714464
White-cheeked_Turaco,Tauraco leucotis,OTT:772749
Pesquets_Parrot,Psittrichas fulgidus,OTT:412123
Lesser_Whistling-Duck,Dendrocygna javanica,OTT:737604
Opal-rumped_Tanager,Tangara velia,OTT:1006804
Hispaniolan_Parakeet,Psittacara chloropterus,OTT:1034533
Radjah_Shelduck,Radjah radjah,OTT:522863
Long-tailed_Starling,Aplonis magna,OTT:3598564
Eurasian_Spoonbill,Platalea leucorodia,OTT:317305
Yellow-fronted_Parrot,Poicephalus flavifrons,OTT:3600345
Red-spectacled_Parrot,Amazona pretrei,OTT:400199
Golden_Parakeet,Guaruba guarouba,OTT:416104
Bronze-tailed_Peacock-Pheasant,Polyplectron chalcurum,OTT:110936
Australian_Shelduck,Tadorna tadornoides,OTT:282327
Turquoise_Tanager,Tangara mexicana,OTT:536138
Galah,Eolophus roseicapilla,OTT:900913
Star_Finch,Neochmia ruficauda,OTT:918908
Red_Lory,Eos bornea,OTT:417928
Malabar_Parakeet,Psittacula columboides,OTT:864236
Gray_Partridge,Perdix perdix,OTT:102712
Chattering_Lory,Lorius garrulus,OTT:312140
Curl-crested_Aracari,Pteroglossus beauharnaesii,OTT:640525
Ruddy_Quail-Dove,Geotrygon montana,OTT:664480
Black-faced_Dacnis,Dacnis lineata,OTT:1050032
Jamess_Flamingo,Phoenicoparrus jamesi,OTT:1030759
Purple_Grenadier,Granatina ianthinogaster,OTT:778426
Cuban_Martin,Progne cryptoleuca,OTT:537121
Masked_Duck,Nomonyx dominicus,OTT:892281
Southern_Martin,Progne elegans,OTT:154004
Plum-headed_Parakeet,Psittacula cyanocephala,OTT:864243
Gray-hooded_Gull,Chroicocephalus cirrocephalus,OTT:938686
Golden-fronted_Woodpecker,Melanerpes aurifrons,OTT:425443
Tawny-shouldered_Blackbird,Agelaius humeralis,OTT:498752
Piratic_Flycatcher,Legatus leucophaius,OTT:937062
Yellow-nosed_Albatross,Thalassarche chlororhynchos,OTT:663145
Mangrove_Swallow,Tachycineta albilinea,OTT:621797
Red-legged_Honeycreeper,Cyanerpes cyaneus,OTT:178472
White-tipped_Dove,Leptotila verreauxi,OTT:244144
Great_Black_Hawk,Buteogallus urubitinga,OTT:1034660
Woolly-necked_Stork,Ciconia episcopus,OTT:324160
Variegated_Flycatcher,Empidonomus varius,OTT:361535
Scaly-naped_Pigeon,Patagioenas squamosa,OTT:773506
Victoria_Crowned-Pigeon,Goura victoria,OTT:392933
Long-tailed_Glossy_Starling,Lamprotornis caudatus,OTT:906566
Plain_Chachalaca,Ortalis vetula,OTT:109882
Black-billed_Cuckoo-Dove,Macropygia nigrirostris,OTT:414979
Red-backed_Scrub-Robin,Cercotrichas leucophrys,OTT:237999
Green-breasted_Mango,Anthracothorax prevostii,OTT:572744
Yellow_Chat,Epthianura crocea,OTT:1053667
Gray_Gull,Leucophaeus modestus,OTT:993035
Montezuma_Oropendola,Psarocolius montezuma,OTT:1026889
Eastern_Marsh-Harrier,Circus spilonotus,OTT:932845
Yellow-throated_Woodland-Warbler,Phylloscopus ruficapilla,OTT:383585
Meadow_Pipit,Anthus pratensis,OTT:870543
Lady_Amhersts_Pheasant,Chrysolophus amherstiae,OTT:943883
Wallaces_Fairywren,Sipodotus wallacii,OTT:650063
Blue_Bunting,Cyanocompsa parellina,OTT:772205
Black_Stilt,Himantopus novaezelandiae,OTT:543952
Eurasian_Moorhen,Gallinula chloropus,OTT:1041541
Iiwi,Drepanis coccinea,OTT:823302
Warbling_White-eye,Zosterops japonicus,OTT:131985
Apapane,Himatione sanguinea,OTT:298780
Oahu_Elepaio,Chasiempis ibidis,OTT:319311
Hawaii_Akepa,Loxops coccineus,OTT:298776
Hawaiian_Hawk,Buteo solitarius,OTT:34350
Greater_Necklaced_Laughingthrush,Ianthocincla pectoralis,OTT:5560054
Hawaii_Elepaio,Chasiempis sandwichensis,OTT:893771
Omao,Myadestes obscurus,OTT:786482
Hawaiian_Coot,Fulica alai,OTT:181051
Hawaiian_Duck,Anas wyvilliana,OTT:133895
African_Silverbill,Euodice cantans,OTT:596772
Erckels_Francolin,Pternistis erckelii,OTT:676799
Hawaii_Amakihi,Chlorodrepanis virens,OTT:157610
Palila,Loxioides bailleui,OTT:221897
Oahu_Amakihi,Chlorodrepanis flava,OTT:324558
Japanese_Bush_Warbler,Horornis diphone,OTT:1076190
White_Tern,Gygis alba,OTT:915897
Chinese_Hwamei,Garrulax canorus,OTT:635111
Maui_Alauahio,Paroreomyza montana,OTT:823298
Akohekohe,Palmeria dolei,OTT:298765
Gray_Francolin,Francolinus pondicerianus,OTT:204734
Anianiau,Magumma parva,OTT:1089642
Kauai_Amakihi,Chlorodrepanis stejnegeri,OTT:667189
Akiapolaau,Hemignathus wilsoni,OTT:324561
Kauai_Elepaio,Chasiempis sclateri,OTT:319312
Chestnut-bellied_Sandgrouse,Pterocles exustus,OTT:837657
Salmon-crested_Cockatoo,Cacatua moluccensis,OTT:959831
Christmas_Shearwater,Puffinus nativitatis,OTT:471655
Hawaii_Creeper,Loxops mana,OTT:298768
Japanese_Quail,Coturnix japonica,OTT:803622
Mariana_Swiftlet,Aerodramus bartschi,OTT:534820
Maui_Parrotbill,Pseudonestor xanthophrys,OTT:823300
Akekee,Loxops caeruleirostris,OTT:1089641
Blue-gray_Noddy,Anous ceruleus,OTT:7659019
Black-winged_Petrel,Pterodroma nigripennis,OTT:319464
Gray-backed_Tern,Onychoprion lunatus,OTT:7642
Akikiki,Oreomystis bairdi,OTT:298769
Nihoa_Finch,Telespiza ultima,OTT:512723
White-necked_Petrel,Pterodroma cervicalis,OTT:461783
Tahiti_Petrel,Pseudobulweria rostrata,OTT:172667
Bonin_Petrel,Pterodroma hypoleuca,OTT:797520
Laysan_Duck,Anas laysanensis,OTT:339494
Tanimbar_Corella,Cacatua goffiniana,OTT:619331
Herald_Petrel,Pterodroma heraldica,OTT:285635
Red-fronted_Parrot,Poicephalus gulielmi,OTT:256842
Chinese_Thrush,Otocichla mupinensis,OTT:754976
Barred_Dove,Geopelia maugeus,OTT:3596614
Scarlet-chested_Parrot,Neophema splendida,OTT:435949
Ou,Psittirostra psittacea,OTT:3597429
Poo-uli,Melamprosops phaeosoma,OTT:221515
Red-billed_Francolin,Pternistis adspersus,OTT:681160
White-browed_Shama,Copsychus luzoniensis,OTT:994825
Little_Corella,Cacatua sanguinea,OTT:995013
African_Penguin,Spheniscus demersus,OTT:60417
White-crested_Laughingthrush,Garrulax leucolophus,OTT:294062
Kauai_Oo,Moho braccatus,OTT:917520
Kamao,Myadestes myadestinus,OTT:3598825
Olomao,Myadestes lanaiensis,OTT:3598822
Maui_Akepa,Loxops ochraceus,OTT:6153367
Great_Crested_Tern,Thalasseus bergii,OTT:341034
Millerbird,Acrocephalus familiaris,OTT:481195
Black-faced_Munia,Lonchura molucca,OTT:3597689
Blue-headed_Parrot,Pionus menstruus,OTT:283087
Laysan_Finch,Telespiza cantans,OTT:213516
Abyssinian_White-eye,Zosterops abyssinicus,OTT:335475
Bishops_Oo,Moho bishopi,OTT:522078
Jungle_Nightjar,Caprimulgus indicus,OTT:618206
Little_Shearwater,Puffinus assimilis,OTT:946844
White-throated_Ground_Dove,Alopecoenas xanthonurus,OTT:538011
Purple-capped_Fruit-Dove,Ptilinopus ponapensis,OTT:7659228
Kakawahie,Paroreomyza flammea,OTT:3597366
Hawaiian_Rail,Zapornia sandwichensis,OTT:3599942
Striated_Heron,Butorides striata,OTT:618202
Western_Swamphen,Porphyrio porphyrio,OTT:148209
Christmas_Island_Swiftlet,Collocalia natalis,OTT:7658711
Hawaii_Oo,Moho nobilis,OTT:522079
Cassia_Crossbill,Loxia sinesciuris,OTT:7661197
Hooded_Crane,Grus monacha,OTT:832269
Carrion_Crow,Corvus corone,OTT:711844
Common_Chaffinch,Fringilla coelebs,OTT:828694
Eurasian_Jay,Garrulus glandarius,OTT:140432
Large-billed_Tern,Phaetusa simplex,OTT:341044
Rock_Partridge,Alectoris graeca,OTT:356743
Audubons_Oriole,Icterus graduacauda,OTT:1077599
Black_Flowerpiercer,Diglossa humeralis,OTT:79993
Black-tailed_Trainbearer,Lesbia victoriae,OTT:767074
Eared_Dove,Zenaida auriculata,OTT:873990
Great_Thrush,Turdus fuscater,OTT:1008495
Sparkling_Violetear,Colibri coruscans,OTT:804120
Cinereous_Conebill,Conirostrum cinereum,OTT:3597292
White-tailed_Hawk,Geranoaetus albicaudatus,OTT:458094
Jabiru,Jabiru mycteria,OTT:1041424
Crowned_Slaty_Flycatcher,Empidonomus aurantioatrocristatus,OTT:279128
Black_Rail,Laterallus jamaicensis,OTT:425438
Western_Reef-Heron,Egretta gularis,OTT:3596775
Trindade_Petrel,Pterodroma arminjoniana,OTT:666330
Yellow-billed_Duck,Anas undulata,OTT:30855
Himalayan_Snowcock,Tetraogallus himalayensis,OTT:849558
Black-capped_Catbird,Ailuroedus melanocephalus,OTT:6153803
Worthens_Sparrow,Spizella wortheni,OTT:567431
Black-browed_Albatross,Thalassarche melanophris,OTT:320271
Red-headed_Lovebird,Agapornis pullarius,OTT:174392
White-necked_Raven,Corvus albicollis,OTT:127684
Hooded_Crow,Corvus cornix,OTT:597020
Black-crested_Titmouse,Baeolophus atricristatus,OTT:809013
Black-capped_Vireo,Vireo atricapilla,OTT:392755
Clay-colored_Thrush,Turdus grayi,OTT:508849
Sungrebe,Heliornis fulica,OTT:440618
Rufous-necked_Wood-Rail,Aramides axillaris,OTT:101222
Orange-billed_Nightingale-Thrush,Catharus aurantiirostris,OTT:252694
Eurasian_Linnet,Linaria cannabina,OTT:637969
Eastern_Paradise-Whydah,Vidua paradisaea,OTT:507127
Laughing_Kookaburra,Dacelo novaeguineae,OTT:938422
Red-collared_Widowbird,Euplectes ardens,OTT:617299
Morelets_Seedeater,Sporophila morelleti,OTT:7662403
Baers_Pochard,Aythya baeri,OTT:3595900
Bismarck_Imperial-Pigeon,Ducula melanochroa,OTT:51612
Black-lored_Parrot,Tanygnathus gramineus,OTT:3600399
Azure_Gallinule,Porphyrio flavirostris,OTT:1023131
Eurasian_Curlew,Numenius arquata,OTT:971518
Lined_Seedeater,Sporophila lineola,OTT:817090
Swinhoes_Storm-Petrel,Oceanodroma monorhis,OTT:406716
Bermuda_Petrel,Pterodroma cahow,OTT:845408
Red-billed_Duck,Anas erythrorhyncha,OTT:82414
Cape_Verde_Shearwater,Calonectris edwardsii,OTT:504674
Black-bellied_Storm-Petrel,Fregetta tropica,OTT:904495
Lanner_Falcon,Falco biarmicus,OTT:48174
Red-crowned_Crane,Grus japonensis,OTT:928352
Humboldt_Penguin,Spheniscus humboldti,OTT:810741
Common_Pauraque,Nyctidromus albicollis,OTT:1014896
Golden_Grosbeak,Pheucticus chrysogaster,OTT:3597153
White-throated_Spadebill,Platyrinchus mystaceus,OTT:32470
Yellow-crested_Cockatoo,Cacatua sulphurea,OTT:290348
Blue_Crane,Anthropoides paradiseus,OTT:510573
Southern_Lapwing,Vanellus chilensis,OTT:661803
Barolo_Shearwater,Puffinus baroli,OTT:946840
Red-footed_Falcon,Falco vespertinus,OTT:964523
Thick-billed_Ground-Pigeon,Trugon terrestris,OTT:956253
Little_Tern,Sternula albifrons,OTT:293653
White_Stork,Ciconia ciconia,OTT:363031
Maned_Duck,Chenonetta jubata,OTT:436829
Eastern_Whipbird,Psophodes olivaceus,OTT:242579
Green-rumped_Parrotlet,Forpus passerinus,OTT:301843
White-breasted_Guineafowl,Agelastes meleagrides,OTT:342271
Blue-breasted_Quail,Synoicus chinensis,OTT:144486
Southern_Black-Flycatcher,Melaenornis pammelaina,OTT:1027755
Paradise_Shelduck,Tadorna variegata,OTT:166697
Olive_Sparrow,Arremonops rufivirgatus,OTT:97317
Crimson-collared_Grosbeak,Rhodothraupis celaeno,OTT:545035
Altamira_Oriole,Icterus gularis,OTT:1077601
Amazon_Kingfisher,Chloroceryle amazona,OTT:485386
Hook-billed_Kite,Chondrohierax uncinatus,OTT:677106
Ferruginous_Pygmy-Owl,Glaucidium brasilianum,OTT:933120
Colima_Warbler,Leiothlypis crissalis,OTT:85251
Red-billed_Pigeon,Patagioenas flavirostris,OTT:722913
Amethyst-throated_Mountain-gem,Lampornis amethystinus,OTT:612324
Tamaulipas_Crow,Corvus imparatus,OTT:569586
Roadside_Hawk,Rupornis magnirostris,OTT:458089
Bare-throated_Tiger-Heron,Tigrisoma mexicanum,OTT:3596764
Gray-crowned_Yellowthroat,Geothlypis poliocephala,OTT:63586
Black-vented_Oriole,Icterus wagleri,OTT:550999
San_Blas_Jay,Cyanocorax sanblasianus,OTT:740603
West_Indian_Whistling-Duck,Dendrocygna arborea,OTT:662604
Barred_Parakeet,Bolborhynchus lineola,OTT:213645
Orange_Weaver,Ploceus aurantius,OTT:988335
Lemon_Dove,Columba larvata,OTT:3596487
Yellow-lored_Parrot,Amazona xantholora,OTT:3600418
White-crowned_Parrot,Pionus senilis,OTT:1028838
Yucatan_Jay,Cyanocorax yucatanicus,OTT:851507
Brown_Jay,Psilorhinus morio,OTT:130898
Papuan_Boobook,Ninox theomacha,OTT:3595720
King_Penguin,Aptenodytes patagonicus,OTT:494361
Olive-throated_Parakeet,Eupsittula nana,OTT:954895
Black-throated_Jay,Cyanolyca pumilo,OTT:526171
Black_Caracara,Daptrius ater,OTT:438664
Social_Flycatcher,Myiozetetes similis,OTT:279103
Javan_Munia,Lonchura leucogastroides,OTT:865472
Western_Red-billed_Hornbill,Tockus kempi,OTT:3600753
Blue-faced_Honeyeater,Entomyzon cyanotis,OTT:477311
Magpie_Mannikin,Spermestes fringilloides,OTT:24017
Lilians_Lovebird,Agapornis lilianae,OTT:174391
Gray-breasted_Martin,Progne chalybea,OTT:136021
Crane_Hawk,Geranospiza caerulescens,OTT:376409
Collared_Forest-Falcon,Micrastur semitorquatus,OTT:1015189
Greenish_Elaenia,Myiopagis viridicata,OTT:610934
Double-striped_Thick-knee,Burhinus bistriatus,OTT:57829
Masked_Tityra,Tityra semifasciata,OTT:319142
Collared_Plover,Charadrius collaris,OTT:112942
Yucatan_Vireo,Vireo magister,OTT:3598053
Mottled_Owl,Ciccaba virgata,OTT:116486
Black-headed_Nightingale-Thrush,Catharus mexicanus,OTT:252687
White-crested_Elaenia,Elaenia albiceps,OTT:232059
Striped_Sparrow,Oriturus superciliosus,OTT:934463
Lilac-tailed_Parrotlet,Touit batavicus,OTT:721567
Green_Woodhoopoe,Phoeniculus purpureus,OTT:238765
Emperor_Penguin,Aptenodytes forsteri,OTT:494370
Cockerells_Fantail,Rhipidura cockerelli,OTT:346155
Eurasian_Marsh-Harrier,Circus aeruginosus,OTT:263139
Paint-billed_Crake,Mustelirallus erythrops,OTT:3599983
Long-tailed_Mockingbird,Mimus longicaudatus,OTT:817639
Reevess_Pheasant,Syrmaticus reevesii,OTT:572176
Swinhoes_Pheasant,Lophura swinhoii,OTT:53709
Chilean_Tinamou,Nothoprocta perdicaria,OTT:402446
Black_Crowned-Crane,Balearica pavonina,OTT:928354
White-naped_Crane,Antigone vipio,OTT:7659876
Sarus_Crane,Antigone antigone,OTT:414358
Black-necked_Crane,Grus nigricollis,OTT:589069
Siberian_Crane,Leucogeranus leucogeranus,OTT:832271
Bourkes_Parrot,Neophema bourkii,OTT:108574
Wattled_Crane,Bugeranus carunculatus,OTT:414343
Yellowhammer,Emberiza citrinella,OTT:828708
Brolga,Antigone rubicunda,OTT:7659875
